{
  "data": "19/07/2025",
  "resumosPlanosOrcamentarios": [
    {
      "sgUf": "BA",
      "coUfIbge": "29",
      "coMunicipioIbge": "290020",
      "noMunicipio": "ABARE",
      "nuCompCnes": "202411",
      "nuParcela": "202501",
      "dsPlanoOrcamentario": "Equipes de Saúde da Família - eSF e equipes de Atenção Primária - eAP",
      "dsEsferaAdministrativa": "MUNICIPAL",
      "vlIntegral": 195000,
      "vlAjuste": 0,
      "vlDesconto": 0,
      "vlEfetivoRepasse": 195000,
      "vlImplantacao": 0,
      "vlAjusteImplantacao": 0,
      "vlDescontoImplantacao": 0,
      "vlTotalImplantacao": 0
    },
    {
      "sgUf": "BA",
      "coUfIbge": "29",
      "coMunicipioIbge": "290020",
      "noMunicipio": "ABARE",
      "nuCompCnes": "202412",
      "nuParcela": "202502",
      "dsPlanoOrcamentario": "Equipes de Saúde da Família - eSF e equipes de Atenção Primária - eAP",
      "dsEsferaAdministrativa": "MUNICIPAL",
      "vlIntegral": 195000,
      "vlAjuste": 0,
      "vlDesconto": 0,
      "vlEfetivoRepasse": 195000,
      "vlImplantacao": 0,
      "vlAjusteImplantacao": 0,
      "vlDescontoImplantacao": 0,
      "vlTotalImplantacao": 0
    },
    {
      "sgUf": "BA",
      "coUfIbge": "29",
      "coMunicipioIbge": "290020",
      "noMunicipio": "ABARE",
      "nuCompCnes": "202501",
      "nuParcela": "202503",
      "dsPlanoOrcamentario": "Equipes de Saúde da Família - eSF e equipes de Atenção Primária - eAP",
      "dsEsferaAdministrativa": "MUNICIPAL",
      "vlIntegral": 195000,
      "vlAjuste": 0,
      "vlDesconto": 0,
      "vlEfetivoRepasse": 195000,
      "vlImplantacao": 0,
      "vlAjusteImplantacao": 0,
      "vlDescontoImplantacao": 0,
      "vlTotalImplantacao": 0
    },
    {
      "sgUf": "BA",
      "coUfIbge": "29",
      "coMunicipioIbge": "290020",
      "noMunicipio": "ABARE",
      "nuCompCnes": "202502",
      "nuParcela": "202504",
      "dsPlanoOrcamentario": "Equipes de Saúde da Família - eSF e equipes de Atenção Primária - eAP",
      "dsEsferaAdministrativa": "MUNICIPAL",
      "vlIntegral": 210000,
      "vlAjuste": 0,
      "vlDesconto": 0,
      "vlEfetivoRepasse": 210000,
      "vlImplantacao": 0,
      "vlAjusteImplantacao": 0,
      "vlDescontoImplantacao": 0,
      "vlTotalImplantacao": 0
    },
    {
      "sgUf": "BA",
      "coUfIbge": "29",
      "coMunicipioIbge": "290020",
      "noMunicipio": "ABARE",
      "nuCompCnes": "202503",
      "nuParcela": "202505",
      "dsPlanoOrcamentario": "Equipes de Saúde da Família - eSF e equipes de Atenção Primária - eAP",
      "dsEsferaAdministrativa": "MUNICIPAL",
      "vlIntegral": 210000,
      "vlAjuste": 0,
      "vlDesconto": 0,
      "vlEfetivoRepasse": 210000,
      "vlImplantacao": 0,
      "vlAjusteImplantacao": 0,
      "vlDescontoImplantacao": 0,
      "vlTotalImplantacao": 0
    },
    {
      "sgUf": "BA",
      "coUfIbge": "29",
      "coMunicipioIbge": "290020",
      "noMunicipio": "ABARE",
      "nuCompCnes": "202504",
      "nuParcela": "202506",
      "dsPlanoOrcamentario": "Equipes de Saúde da Família - eSF e equipes de Atenção Primária - eAP",
      "dsEsferaAdministrativa": "MUNICIPAL",
      "vlIntegral": 210000,
      "vlAjuste": 0,
      "vlDesconto": 0,
      "vlEfetivoRepasse": 210000,
      "vlImplantacao": 0,
      "vlAjusteImplantacao": 0,
      "vlDescontoImplantacao": 0,
      "vlTotalImplantacao": 0
    },
    {
      "sgUf": "BA",
      "coUfIbge": "29",
      "coMunicipioIbge": "290020",
      "noMunicipio": "ABARE",
      "nuCompCnes": "202505",
      "nuParcela": "202507",
      "dsPlanoOrcamentario": "Equipes de Saúde da Família - eSF e equipes de Atenção Primária - eAP",
      "dsEsferaAdministrativa": "MUNICIPAL",
      "vlIntegral": 210000,
      "vlAjuste": 0,
      "vlDesconto": 0,
      "vlEfetivoRepasse": 210000,
      "vlImplantacao": 0,
      "vlAjusteImplantacao": 0,
      "vlDescontoImplantacao": 0,
      "vlTotalImplantacao": 0
    },
    {
      "sgUf": "BA",
      "coUfIbge": "29",
      "coMunicipioIbge": "290020",
      "noMunicipio": "ABARE",
      "nuCompCnes": "202411",
      "nuParcela": "202501",
      "dsPlanoOrcamentario": "Atenção à Saúde Bucal",
      "dsEsferaAdministrativa": "MUNICIPAL",
      "vlIntegral": 72682.91,
      "vlAjuste": 0,
      "vlDesconto": 0,
      "vlEfetivoRepasse": 72682.91,
      "vlImplantacao": 0,
      "vlAjusteImplantacao": 0,
      "vlDescontoImplantacao": 0,
      "vlTotalImplantacao": 0
    },
    {
      "sgUf": "BA",
      "coUfIbge": "29",
      "coMunicipioIbge": "290020",
      "noMunicipio": "ABARE",
      "nuCompCnes": "202412",
      "nuParcela": "202502",
      "dsPlanoOrcamentario": "Atenção à Saúde Bucal",
      "dsEsferaAdministrativa": "MUNICIPAL",
      "vlIntegral": 63906.78,
      "vlAjuste": 0,
      "vlDesconto": 0,
      "vlEfetivoRepasse": 63906.78,
      "vlImplantacao": 0,
      "vlAjusteImplantacao": 0,
      "vlDescontoImplantacao": 0,
      "vlTotalImplantacao": 0
    },
    {
      "sgUf": "BA",
      "coUfIbge": "29",
      "coMunicipioIbge": "290020",
      "noMunicipio": "ABARE",
      "nuCompCnes": "202501",
      "nuParcela": "202503",
      "dsPlanoOrcamentario": "Atenção à Saúde Bucal",
      "dsEsferaAdministrativa": "MUNICIPAL",
      "vlIntegral": 72682.91,
      "vlAjuste": 0,
      "vlDesconto": 0,
      "vlEfetivoRepasse": 72682.91,
      "vlImplantacao": 0,
      "vlAjusteImplantacao": 0,
      "vlDescontoImplantacao": 0,
      "vlTotalImplantacao": 0
    },
    {
      "sgUf": "BA",
      "coUfIbge": "29",
      "coMunicipioIbge": "290020",
      "noMunicipio": "ABARE",
      "nuCompCnes": "202502",
      "nuParcela": "202504",
      "dsPlanoOrcamentario": "Atenção à Saúde Bucal",
      "dsEsferaAdministrativa": "MUNICIPAL",
      "vlIntegral": 72682.91,
      "vlAjuste": 0,
      "vlDesconto": 0,
      "vlEfetivoRepasse": 72682.91,
      "vlImplantacao": 0,
      "vlAjusteImplantacao": 0,
      "vlDescontoImplantacao": 0,
      "vlTotalImplantacao": 0
    },
    {
      "sgUf": "BA",
      "coUfIbge": "29",
      "coMunicipioIbge": "290020",
      "noMunicipio": "ABARE",
      "nuCompCnes": "202503",
      "nuParcela": "202505",
      "dsPlanoOrcamentario": "Atenção à Saúde Bucal",
      "dsEsferaAdministrativa": "MUNICIPAL",
      "vlIntegral": 63906.78,
      "vlAjuste": 0,
      "vlDesconto": 0,
      "vlEfetivoRepasse": 63906.78,
      "vlImplantacao": 0,
      "vlAjusteImplantacao": 0,
      "vlDescontoImplantacao": 0,
      "vlTotalImplantacao": 0
    },
    {
      "sgUf": "BA",
      "coUfIbge": "29",
      "coMunicipioIbge": "290020",
      "noMunicipio": "ABARE",
      "nuCompCnes": "202504",
      "nuParcela": "202506",
      "dsPlanoOrcamentario": "Atenção à Saúde Bucal",
      "dsEsferaAdministrativa": "MUNICIPAL",
      "vlIntegral": 72682.91,
      "vlAjuste": 0,
      "vlDesconto": 0,
      "vlEfetivoRepasse": 72682.91,
      "vlImplantacao": 0,
      "vlAjusteImplantacao": 0,
      "vlDescontoImplantacao": 0,
      "vlTotalImplantacao": 0
    },
    {
      "sgUf": "BA",
      "coUfIbge": "29",
      "coMunicipioIbge": "290020",
      "noMunicipio": "ABARE",
      "nuCompCnes": "202505",
      "nuParcela": "202507",
      "dsPlanoOrcamentario": "Atenção à Saúde Bucal",
      "dsEsferaAdministrativa": "MUNICIPAL",
      "vlIntegral": 72682.91,
      "vlAjuste": 0,
      "vlDesconto": 0,
      "vlEfetivoRepasse": 72682.91,
      "vlImplantacao": 0,
      "vlAjusteImplantacao": 0,
      "vlDescontoImplantacao": 0,
      "vlTotalImplantacao": 0
    },
    {
      "sgUf": "BA",
      "coUfIbge": "29",
      "coMunicipioIbge": "290020",
      "noMunicipio": "ABARE",
      "nuCompCnes": "202411",
      "nuParcela": "202501",
      "dsPlanoOrcamentario": "Equipes Multiprofissionais - eMulti",
      "dsEsferaAdministrativa": "MUNICIPAL",
      "vlIntegral": 0,
      "vlAjuste": 0,
      "vlDesconto": 0,
      "vlEfetivoRepasse": 0,
      "vlImplantacao": 0,
      "vlAjusteImplantacao": 0,
      "vlDescontoImplantacao": 0,
      "vlTotalImplantacao": 0
    },
    {
      "sgUf": "BA",
      "coUfIbge": "29",
      "coMunicipioIbge": "290020",
      "noMunicipio": "ABARE",
      "nuCompCnes": "202412",
      "nuParcela": "202502",
      "dsPlanoOrcamentario": "Equipes Multiprofissionais - eMulti",
      "dsEsferaAdministrativa": "MUNICIPAL",
      "vlIntegral": 14250,
      "vlAjuste": 0,
      "vlDesconto": 0,
      "vlEfetivoRepasse": 14250,
      "vlImplantacao": 0,
      "vlAjusteImplantacao": 0,
      "vlDescontoImplantacao": 0,
      "vlTotalImplantacao": 0
    },
    {
      "sgUf": "BA",
      "coUfIbge": "29",
      "coMunicipioIbge": "290020",
      "noMunicipio": "ABARE",
      "nuCompCnes": "202501",
      "nuParcela": "202503",
      "dsPlanoOrcamentario": "Equipes Multiprofissionais - eMulti",
      "dsEsferaAdministrativa": "MUNICIPAL",
      "vlIntegral": 28500,
      "vlAjuste": 0,
      "vlDesconto": 0,
      "vlEfetivoRepasse": 28500,
      "vlImplantacao": 0,
      "vlAjusteImplantacao": 0,
      "vlDescontoImplantacao": 0,
      "vlTotalImplantacao": 0
    },
    {
      "sgUf": "BA",
      "coUfIbge": "29",
      "coMunicipioIbge": "290020",
      "noMunicipio": "ABARE",
      "nuCompCnes": "202502",
      "nuParcela": "202504",
      "dsPlanoOrcamentario": "Equipes Multiprofissionais - eMulti",
      "dsEsferaAdministrativa": "MUNICIPAL",
      "vlIntegral": 28500,
      "vlAjuste": 0,
      "vlDesconto": 0,
      "vlEfetivoRepasse": 28500,
      "vlImplantacao": 0,
      "vlAjusteImplantacao": 0,
      "vlDescontoImplantacao": 0,
      "vlTotalImplantacao": 0
    },
    {
      "sgUf": "BA",
      "coUfIbge": "29",
      "coMunicipioIbge": "290020",
      "noMunicipio": "ABARE",
      "nuCompCnes": "202503",
      "nuParcela": "202505",
      "dsPlanoOrcamentario": "Equipes Multiprofissionais - eMulti",
      "dsEsferaAdministrativa": "MUNICIPAL",
      "vlIntegral": 28500,
      "vlAjuste": 0,
      "vlDesconto": 0,
      "vlEfetivoRepasse": 28500,
      "vlImplantacao": 0,
      "vlAjusteImplantacao": 0,
      "vlDescontoImplantacao": 0,
      "vlTotalImplantacao": 0
    },
    {
      "sgUf": "BA",
      "coUfIbge": "29",
      "coMunicipioIbge": "290020",
      "noMunicipio": "ABARE",
      "nuCompCnes": "202504",
      "nuParcela": "202506",
      "dsPlanoOrcamentario": "Equipes Multiprofissionais - eMulti",
      "dsEsferaAdministrativa": "MUNICIPAL",
      "vlIntegral": 28500,
      "vlAjuste": 0,
      "vlDesconto": 0,
      "vlEfetivoRepasse": 28500,
      "vlImplantacao": 0,
      "vlAjusteImplantacao": 0,
      "vlDescontoImplantacao": 0,
      "vlTotalImplantacao": 0
    },
    {
      "sgUf": "BA",
      "coUfIbge": "29",
      "coMunicipioIbge": "290020",
      "noMunicipio": "ABARE",
      "nuCompCnes": "202505",
      "nuParcela": "202507",
      "dsPlanoOrcamentario": "Equipes Multiprofissionais - eMulti",
      "dsEsferaAdministrativa": "MUNICIPAL",
      "vlIntegral": 28500,
      "vlAjuste": 0,
      "vlDesconto": 0,
      "vlEfetivoRepasse": 28500,
      "vlImplantacao": 0,
      "vlAjusteImplantacao": 0,
      "vlDescontoImplantacao": 0,
      "vlTotalImplantacao": 0
    },
    {
      "sgUf": "BA",
      "coUfIbge": "29",
      "coMunicipioIbge": "290020",
      "noMunicipio": "ABARE",
      "nuCompCnes": "202411",
      "nuParcela": "202501",
      "dsPlanoOrcamentario": "Agentes Comunitários de Saúde",
      "dsEsferaAdministrativa": "MUNICIPAL",
      "vlIntegral": 109296,
      "vlAjuste": 0,
      "vlDesconto": 0,
      "vlEfetivoRepasse": 109296,
      "vlImplantacao": 0,
      "vlAjusteImplantacao": 0,
      "vlDescontoImplantacao": 0,
      "vlTotalImplantacao": 0
    },
    {
      "sgUf": "BA",
      "coUfIbge": "29",
      "coMunicipioIbge": "290020",
      "noMunicipio": "ABARE",
      "nuCompCnes": "202412",
      "nuParcela": "202502",
      "dsPlanoOrcamentario": "Agentes Comunitários de Saúde",
      "dsEsferaAdministrativa": "MUNICIPAL",
      "vlIntegral": 109296,
      "vlAjuste": 0,
      "vlDesconto": 0,
      "vlEfetivoRepasse": 109296,
      "vlImplantacao": 0,
      "vlAjusteImplantacao": 0,
      "vlDescontoImplantacao": 0,
      "vlTotalImplantacao": 0
    },
    {
      "sgUf": "BA",
      "coUfIbge": "29",
      "coMunicipioIbge": "290020",
      "noMunicipio": "ABARE",
      "nuCompCnes": "202501",
      "nuParcela": "202503",
      "dsPlanoOrcamentario": "Agentes Comunitários de Saúde",
      "dsEsferaAdministrativa": "MUNICIPAL",
      "vlIntegral": 109296,
      "vlAjuste": 0,
      "vlDesconto": 0,
      "vlEfetivoRepasse": 109296,
      "vlImplantacao": 0,
      "vlAjusteImplantacao": 0,
      "vlDescontoImplantacao": 0,
      "vlTotalImplantacao": 0
    },
    {
      "sgUf": "BA",
      "coUfIbge": "29",
      "coMunicipioIbge": "290020",
      "noMunicipio": "ABARE",
      "nuCompCnes": "202502",
      "nuParcela": "202504",
      "dsPlanoOrcamentario": "Agentes Comunitários de Saúde",
      "dsEsferaAdministrativa": "MUNICIPAL",
      "vlIntegral": 109296,
      "vlAjuste": 0,
      "vlDesconto": 0,
      "vlEfetivoRepasse": 109296,
      "vlImplantacao": 0,
      "vlAjusteImplantacao": 0,
      "vlDescontoImplantacao": 0,
      "vlTotalImplantacao": 0
    },
    {
      "sgUf": "BA",
      "coUfIbge": "29",
      "coMunicipioIbge": "290020",
      "noMunicipio": "ABARE",
      "nuCompCnes": "202503",
      "nuParcela": "202505",
      "dsPlanoOrcamentario": "Agentes Comunitários de Saúde",
      "dsEsferaAdministrativa": "MUNICIPAL",
      "vlIntegral": 109296,
      "vlAjuste": 0,
      "vlDesconto": 0,
      "vlEfetivoRepasse": 109296,
      "vlImplantacao": 0,
      "vlAjusteImplantacao": 0,
      "vlDescontoImplantacao": 0,
      "vlTotalImplantacao": 0
    },
    {
      "sgUf": "BA",
      "coUfIbge": "29",
      "coMunicipioIbge": "290020",
      "noMunicipio": "ABARE",
      "nuCompCnes": "202504",
      "nuParcela": "202506",
      "dsPlanoOrcamentario": "Agentes Comunitários de Saúde",
      "dsEsferaAdministrativa": "MUNICIPAL",
      "vlIntegral": 109296,
      "vlAjuste": 0,
      "vlDesconto": 0,
      "vlEfetivoRepasse": 109296,
      "vlImplantacao": 0,
      "vlAjusteImplantacao": 0,
      "vlDescontoImplantacao": 0,
      "vlTotalImplantacao": 0
    },
    {
      "sgUf": "BA",
      "coUfIbge": "29",
      "coMunicipioIbge": "290020",
      "noMunicipio": "ABARE",
      "nuCompCnes": "202505",
      "nuParcela": "202507",
      "dsPlanoOrcamentario": "Agentes Comunitários de Saúde",
      "dsEsferaAdministrativa": "MUNICIPAL",
      "vlIntegral": 109296,
      "vlAjuste": 0,
      "vlDesconto": 0,
      "vlEfetivoRepasse": 109296,
      "vlImplantacao": 0,
      "vlAjusteImplantacao": 0,
      "vlDescontoImplantacao": 0,
      "vlTotalImplantacao": 0
    },
    {
      "sgUf": "BA",
      "coUfIbge": "29",
      "coMunicipioIbge": "290020",
      "noMunicipio": "ABARE",
      "nuCompCnes": "202411",
      "nuParcela": "202501",
      "dsPlanoOrcamentario": "Demais programas, serviços e equipes da Atenção Primária à Saúde",
      "dsEsferaAdministrativa": "MUNICIPAL",
      "vlIntegral": 0,
      "vlAjuste": 0,
      "vlDesconto": 0,
      "vlEfetivoRepasse": 0,
      "vlImplantacao": 0,
      "vlAjusteImplantacao": 0,
      "vlDescontoImplantacao": 0,
      "vlTotalImplantacao": 0
    },
    {
      "sgUf": "BA",
      "coUfIbge": "29",
      "coMunicipioIbge": "290020",
      "noMunicipio": "ABARE",
      "nuCompCnes": "202412",
      "nuParcela": "202502",
      "dsPlanoOrcamentario": "Demais programas, serviços e equipes da Atenção Primária à Saúde",
      "dsEsferaAdministrativa": "MUNICIPAL",
      "vlIntegral": 0,
      "vlAjuste": 0,
      "vlDesconto": 0,
      "vlEfetivoRepasse": 0,
      "vlImplantacao": 0,
      "vlAjusteImplantacao": 0,
      "vlDescontoImplantacao": 0,
      "vlTotalImplantacao": 0
    },
    {
      "sgUf": "BA",
      "coUfIbge": "29",
      "coMunicipioIbge": "290020",
      "noMunicipio": "ABARE",
      "nuCompCnes": "202501",
      "nuParcela": "202503",
      "dsPlanoOrcamentario": "Demais programas, serviços e equipes da Atenção Primária à Saúde",
      "dsEsferaAdministrativa": "MUNICIPAL",
      "vlIntegral": 0,
      "vlAjuste": 0,
      "vlDesconto": 0,
      "vlEfetivoRepasse": 0,
      "vlImplantacao": 0,
      "vlAjusteImplantacao": 0,
      "vlDescontoImplantacao": 0,
      "vlTotalImplantacao": 0
    },
    {
      "sgUf": "BA",
      "coUfIbge": "29",
      "coMunicipioIbge": "290020",
      "noMunicipio": "ABARE",
      "nuCompCnes": "202502",
      "nuParcela": "202504",
      "dsPlanoOrcamentario": "Demais programas, serviços e equipes da Atenção Primária à Saúde",
      "dsEsferaAdministrativa": "MUNICIPAL",
      "vlIntegral": 0,
      "vlAjuste": 0,
      "vlDesconto": 0,
      "vlEfetivoRepasse": 0,
      "vlImplantacao": 0,
      "vlAjusteImplantacao": 0,
      "vlDescontoImplantacao": 0,
      "vlTotalImplantacao": 0
    },
    {
      "sgUf": "BA",
      "coUfIbge": "29",
      "coMunicipioIbge": "290020",
      "noMunicipio": "ABARE",
      "nuCompCnes": "202503",
      "nuParcela": "202505",
      "dsPlanoOrcamentario": "Demais programas, serviços e equipes da Atenção Primária à Saúde",
      "dsEsferaAdministrativa": "MUNICIPAL",
      "vlIntegral": 0,
      "vlAjuste": 0,
      "vlDesconto": 0,
      "vlEfetivoRepasse": 0,
      "vlImplantacao": 0,
      "vlAjusteImplantacao": 0,
      "vlDescontoImplantacao": 0,
      "vlTotalImplantacao": 0
    },
    {
      "sgUf": "BA",
      "coUfIbge": "29",
      "coMunicipioIbge": "290020",
      "noMunicipio": "ABARE",
      "nuCompCnes": "202504",
      "nuParcela": "202506",
      "dsPlanoOrcamentario": "Demais programas, serviços e equipes da Atenção Primária à Saúde",
      "dsEsferaAdministrativa": "MUNICIPAL",
      "vlIntegral": 0,
      "vlAjuste": 0,
      "vlDesconto": 0,
      "vlEfetivoRepasse": 0,
      "vlImplantacao": 0,
      "vlAjusteImplantacao": 0,
      "vlDescontoImplantacao": 0,
      "vlTotalImplantacao": 0
    },
    {
      "sgUf": "BA",
      "coUfIbge": "29",
      "coMunicipioIbge": "290020",
      "noMunicipio": "ABARE",
      "nuCompCnes": "202505",
      "nuParcela": "202507",
      "dsPlanoOrcamentario": "Demais programas, serviços e equipes da Atenção Primária à Saúde",
      "dsEsferaAdministrativa": "MUNICIPAL",
      "vlIntegral": 0,
      "vlAjuste": 0,
      "vlDesconto": 0,
      "vlEfetivoRepasse": 0,
      "vlImplantacao": 0,
      "vlAjusteImplantacao": 0,
      "vlDescontoImplantacao": 0,
      "vlTotalImplantacao": 0
    },
    {
      "sgUf": "BA",
      "coUfIbge": "29",
      "coMunicipioIbge": "290020",
      "noMunicipio": "ABARE",
      "nuCompCnes": "202411",
      "nuParcela": "202501",
      "dsPlanoOrcamentario": "Incentivo Compensatório de Transição",
      "dsEsferaAdministrativa": "MUNICIPAL",
      "vlIntegral": 4202.9,
      "vlAjuste": 0,
      "vlDesconto": 0,
      "vlEfetivoRepasse": 4202.9,
      "vlImplantacao": 0,
      "vlAjusteImplantacao": 0,
      "vlDescontoImplantacao": 0,
      "vlTotalImplantacao": 0
    },
    {
      "sgUf": "BA",
      "coUfIbge": "29",
      "coMunicipioIbge": "290020",
      "noMunicipio": "ABARE",
      "nuCompCnes": "202412",
      "nuParcela": "202502",
      "dsPlanoOrcamentario": "Incentivo Compensatório de Transição",
      "dsEsferaAdministrativa": "MUNICIPAL",
      "vlIntegral": 4202.9,
      "vlAjuste": 0,
      "vlDesconto": 0,
      "vlEfetivoRepasse": 4202.9,
      "vlImplantacao": 0,
      "vlAjusteImplantacao": 0,
      "vlDescontoImplantacao": 0,
      "vlTotalImplantacao": 0
    },
    {
      "sgUf": "BA",
      "coUfIbge": "29",
      "coMunicipioIbge": "290020",
      "noMunicipio": "ABARE",
      "nuCompCnes": "202501",
      "nuParcela": "202503",
      "dsPlanoOrcamentario": "Incentivo Compensatório de Transição",
      "dsEsferaAdministrativa": "MUNICIPAL",
      "vlIntegral": 4202.9,
      "vlAjuste": 0,
      "vlDesconto": 0,
      "vlEfetivoRepasse": 4202.9,
      "vlImplantacao": 0,
      "vlAjusteImplantacao": 0,
      "vlDescontoImplantacao": 0,
      "vlTotalImplantacao": 0
    },
    {
      "sgUf": "BA",
      "coUfIbge": "29",
      "coMunicipioIbge": "290020",
      "noMunicipio": "ABARE",
      "nuCompCnes": "202502",
      "nuParcela": "202504",
      "dsPlanoOrcamentario": "Incentivo Compensatório de Transição",
      "dsEsferaAdministrativa": "MUNICIPAL",
      "vlIntegral": 4202.9,
      "vlAjuste": 0,
      "vlDesconto": 0,
      "vlEfetivoRepasse": 4202.9,
      "vlImplantacao": 0,
      "vlAjusteImplantacao": 0,
      "vlDescontoImplantacao": 0,
      "vlTotalImplantacao": 0
    },
    {
      "sgUf": "BA",
      "coUfIbge": "29",
      "coMunicipioIbge": "290020",
      "noMunicipio": "ABARE",
      "nuCompCnes": "202503",
      "nuParcela": "202505",
      "dsPlanoOrcamentario": "Incentivo Compensatório de Transição",
      "dsEsferaAdministrativa": "MUNICIPAL",
      "vlIntegral": 3820.82,
      "vlAjuste": 0,
      "vlDesconto": 0,
      "vlEfetivoRepasse": 3820.82,
      "vlImplantacao": 0,
      "vlAjusteImplantacao": 0,
      "vlDescontoImplantacao": 0,
      "vlTotalImplantacao": 0
    },
    {
      "sgUf": "BA",
      "coUfIbge": "29",
      "coMunicipioIbge": "290020",
      "noMunicipio": "ABARE",
      "nuCompCnes": "202504",
      "nuParcela": "202506",
      "dsPlanoOrcamentario": "Incentivo Compensatório de Transição",
      "dsEsferaAdministrativa": "MUNICIPAL",
      "vlIntegral": 4203,
      "vlAjuste": 0,
      "vlDesconto": 0,
      "vlEfetivoRepasse": 4203,
      "vlImplantacao": 0,
      "vlAjusteImplantacao": 0,
      "vlDescontoImplantacao": 0,
      "vlTotalImplantacao": 0
    },
    {
      "sgUf": "BA",
      "coUfIbge": "29",
      "coMunicipioIbge": "290020",
      "noMunicipio": "ABARE",
      "nuCompCnes": "202505",
      "nuParcela": "202507",
      "dsPlanoOrcamentario": "Incentivo Compensatório de Transição",
      "dsEsferaAdministrativa": "MUNICIPAL",
      "vlIntegral": 4203,
      "vlAjuste": 0,
      "vlDesconto": 0,
      "vlEfetivoRepasse": 4203,
      "vlImplantacao": 0,
      "vlAjusteImplantacao": 0,
      "vlDescontoImplantacao": 0,
      "vlTotalImplantacao": 0
    },
    {
      "sgUf": "BA",
      "coUfIbge": "29",
      "coMunicipioIbge": "290020",
      "noMunicipio": "ABARE",
      "nuCompCnes": "202502",
      "nuParcela": "202504",
      "dsPlanoOrcamentario": "Componente per capita de base populacional",
      "dsEsferaAdministrativa": "MUNICIPAL",
      "vlIntegral": 9044,
      "vlAjuste": 0,
      "vlDesconto": 0,
      "vlEfetivoRepasse": 9044,
      "vlImplantacao": 0,
      "vlAjusteImplantacao": 0,
      "vlDescontoImplantacao": 0,
      "vlTotalImplantacao": 0
    },
    {
      "sgUf": "BA",
      "coUfIbge": "29",
      "coMunicipioIbge": "290020",
      "noMunicipio": "ABARE",
      "nuCompCnes": "202503",
      "nuParcela": "202505",
      "dsPlanoOrcamentario": "Componente per capita de base populacional",
      "dsEsferaAdministrativa": "MUNICIPAL",
      "vlIntegral": 9044,
      "vlAjuste": 0,
      "vlDesconto": 0,
      "vlEfetivoRepasse": 9044,
      "vlImplantacao": 0,
      "vlAjusteImplantacao": 0,
      "vlDescontoImplantacao": 0,
      "vlTotalImplantacao": 0
    },
    {
      "sgUf": "BA",
      "coUfIbge": "29",
      "coMunicipioIbge": "290020",
      "noMunicipio": "ABARE",
      "nuCompCnes": "202504",
      "nuParcela": "202506",
      "dsPlanoOrcamentario": "Componente per capita de base populacional",
      "dsEsferaAdministrativa": "MUNICIPAL",
      "vlIntegral": 9044,
      "vlAjuste": 0,
      "vlDesconto": 0,
      "vlEfetivoRepasse": 9044,
      "vlImplantacao": 0,
      "vlAjusteImplantacao": 0,
      "vlDescontoImplantacao": 0,
      "vlTotalImplantacao": 0
    },
    {
      "sgUf": "BA",
      "coUfIbge": "29",
      "coMunicipioIbge": "290020",
      "noMunicipio": "ABARE",
      "nuCompCnes": "202505",
      "nuParcela": "202507",
      "dsPlanoOrcamentario": "Componente per capita de base populacional",
      "dsEsferaAdministrativa": "MUNICIPAL",
      "vlIntegral": 9044,
      "vlAjuste": 0,
      "vlDesconto": 0,
      "vlEfetivoRepasse": 9044,
      "vlImplantacao": 0,
      "vlAjusteImplantacao": 0,
      "vlDescontoImplantacao": 0,
      "vlTotalImplantacao": 0
    },
    {
      "sgUf": "BA",
      "coUfIbge": "29",
      "coMunicipioIbge": "290020",
      "noMunicipio": "ABARE",
      "nuCompCnes": "202411",
      "nuParcela": "202501",
      "dsPlanoOrcamentario": "Manutenção de pagamento de valor nominal com base em exercício anterior",
      "dsEsferaAdministrativa": "MUNICIPAL",
      "vlIntegral": 10211.19,
      "vlAjuste": 0,
      "vlDesconto": 0,
      "vlEfetivoRepasse": 10211.19,
      "vlImplantacao": 0,
      "vlAjusteImplantacao": 0,
      "vlDescontoImplantacao": 0,
      "vlTotalImplantacao": 0
    },
    {
      "sgUf": "BA",
      "coUfIbge": "29",
      "coMunicipioIbge": "290020",
      "noMunicipio": "ABARE",
      "nuCompCnes": "202505",
      "nuParcela": "202507",
      "dsPlanoOrcamentario": "Academia da Saúde",
      "dsEsferaAdministrativa": "MUNICIPAL",
      "vlIntegral": 0,
      "vlAjuste": 0,
      "vlDesconto": 0,
      "vlEfetivoRepasse": 0,
      "vlImplantacao": 0,
      "vlAjusteImplantacao": 0,
      "vlDescontoImplantacao": 0,
      "vlTotalImplantacao": 0
    }
  ],
  "pagamentos": [
    {
      "coUfIbge": "29",
      "sgUf": "BA",
      "noMunicipio": "ABARE",
      "coMunicipioIbge": "290020",
      "nuCompCnes": "202411",
      "nuParcela": "202501",
      "dsFaixaIndiceEquidadeEsfEap": "ESTRATO 1",
      "dsClassificacaoVinculoEsfEap": "BOM",
      "dsClassificacaoQualidadeEsfEap": "BOM",
      "qtEsfCredenciado": 7,
      "qtEsfHomologado": 7,
      "qtEsfTotalPgto": 7,
      "qtEsf100pcPgto": 6,
      "qtEsf75pcPgto": 0,
      "qtEsf50pcPgto": 1,
      "qtEsf25pcPgto": 0,
      "vlFixoEsf": 117000,
      "vlVinculoEsf": 39000,
      "vlQualidadeEsf": 39000,
      "vlTotalEsf": 195000,
      "vlPagamentoImplantacaoEsf": 0,
      "qtEapCredenciadas": 0,
      "qtEapHomologado": 0,
      "qtEapTotalPgto": 0,
      "qtEap20hCompletas": 0,
      "qtEap20hIncompletas": 0,
      "qtEap30hCompletas": 0,
      "qtEap30hIncompletas": 0,
      "vlFixoEap": 0,
      "vlVinculoEap": 0,
      "vlQualidadeEap": 0,
      "vlTotalEap": 0,
      "vlPagamentoImplantacaoEap": 0,
      "dsClassificacaoQualidadeEmulti": "BOM",
      "qtEmultiCredenciadas": 1,
      "qtEmultiHomologado": 1,
      "qtEmultiPagas": 0,
      "qtEmultiPagamentoAmpliada": 0,
      "qtEmultiPagamentoIntermunicipal": 0,
      "qtEmultiPagamentoComplementar": 0,
      "qtEmultiPagamentoEstrategica": 0,
      "qtEmultiPagasAtendRemoto": 0,
      "vlPagamentoEmultiAtendimentoRemoto": 0,
      "vlPagamentoEmultiCusteio": 0,
      "vlPagamentoEmultiQualidade": 0,
      "vlTotalEmulti": 0,
      "vlPagamentoEmultiImplantacao": 0,
      "qtSb40hCredenciada": 7,
      "qtSb40hDifCredenciada": 0,
      "qtSb40hHomologado": 7,
      "qtSbChDifHomologado": 0,
      "qtSbPagamentoModalidadeI": 7,
      "qtSbPagamentoModalidadeII": 0,
      "qtSbPagamentoDifModalidade20Horas": 0,
      "qtSbPagamentoDifModalidade30Horas": 0,
      "qtSbEquipeImplantacao": 0,
      "qtSbEqpQuilombAssentModalI": 7,
      "qtSbEqpQuilombAssentModalII": 0,
      "vlPagamentoEsb40h": 42147,
      "vlPagamentoImplantacaoEsb40h": 0,
      "vlPagamentoEsbChDiferenciada": 0,
      "vlPagamentoEsb40hQualidade": 19285.91,
      "qtUomCredenciada": 0,
      "qtUomHomologado": 0,
      "qtUomPgto": 0,
      "vlPagamentoUom": 0,
      "vlPagamentoUomImplantacao": 0,
      "vlPagamentoCeoMunicipal": 0,
      "vlPagamentoCeoEstadual": 0,
      "vlPagamentoLrpdMunicipal": 11250,
      "vlPagamentoLrpdEstadual": 0,
      "vlPagamentoSesb": 0,
      "qtCnrCredenciado": 0,
      "qtCnrHomologado": 0,
      "qtCnrPagamentoModalidadeI": 0,
      "qtCnrPagamentoModalidadeII": 0,
      "qtCnrPagamentoModalidadeIII": 0,
      "vlPagamentoCnr": 0,
      "qtRibeirinhaCredenciado": 0,
      "qtRibeirinhaHomologado": 0,
      "qtRibeirinhaPagas": 0,
      "vlPagamentoEsfrb": 0,
      "vlPagamentoEsfrbQualidade": 0,
      "vlPagamentoEsfrVinculo": 0,
      "vlPagamentoEsfrbImplantacao": 0,
      "qtEmbarcacaoRibeirinha": 0,
      "qtUnidadeApoioRibeirinha": 0,
      "qtMicroscopistaRibeirinha": 0,
      "qtAuxEnfermagemRibeirinha": 0,
      "qtAuxSaudeBucalRibeirinha": 0,
      "qtProfNivelSupRibeirinha": 0,
      "vlPagamentoEsfrbExtra": 0,
      "qtTetoAcs": 51,
      "qtAcsDiretoCredenciado": 38,
      "qtAcsDiretoPgto": 36,
      "vlPagamentoAcsDireto": 109296,
      "vlPagamentoParcelaExtraAcsDireto": 0,
      "vlTotalAcsDireto": 109296,
      "qtAcsIndiretoCredenciado": 1,
      "qtAcsIndiretoPgto": 0,
      "vlPagamentoAcsIndireto": 0,
      "vlPagamentoParcelaExtraAcsIndireto": 0,
      "vlTotalAcsIndireto": 0,
      "qtUbsfCredenciado": 0,
      "qtUbsfHomologado": 0,
      "qtUbsfPgto": 0,
      "vlPagamentoUbsf": 0,
      "qtAcsDiretoFluvial": 0,
      "qtAcsIndiretoFluvial": 0,
      "qtEmbarcacaoFluvial": 0,
      "qtUnidadeApoioFluvial": 0,
      "qtMicroscopistaFluvial": 0,
      "qtAuxEnfermagemFluvial": 0,
      "qtAuxSaudeBucalFluvial": 0,
      "qtProfNivelSupFluvial": 0,
      "vlPagamentoUbsfExtra": 0,
      "qtMicroscopistaCredenciado": 0,
      "qtMicroscopistaPgto": 0,
      "vlPagamentoMicroscopista": 0,
      "vlPagamentoParcelaExtraMicroscopista": 0,
      "vlTotalMicroscopista": 0,
      "qtResidenteMedicoCredenciado": 0,
      "qtResidenteEnfermeiroCredenciado": 0,
      "qtResidenteDentistaCredenciado": 0,
      "qtResidenteMedicoPagamento": 0,
      "qtResidenteEnfermeiroPagamento": 0,
      "qtResidenteDentistaPagamento": 0,
      "vlPagamentoResidencia": 0,
      "qtPrisionalMunicipalCredenciado": 0,
      "qtPrisionalMunicipalHomologado": 0,
      "qtPrisionalMunicipalPagamento": 0,
      "vlPagamentoPrisionalMunicipal": 0,
      "qtPrisionalEstadualCredenciado": 0,
      "qtPrisionalEstadualHomologado": 0,
      "qtPagamentoPrisionalEstadual": 0,
      "vlPagamentoPrisionalEstadual": 0,
      "vlPagamentoPnaisari": 0,
      "qtIafCredenciado": 5,
      "qtIafHomologado": 2,
      "qtIafPgto": 0,
      "vlPagamentoIaf": 0,
      "qtAcademiaSaudeCredenciado": 0,
      "qtAcademiaSaudeHomologado": 0,
      "qtAcademiaSaudePgto": 0,
      "qtAcademiaSaudeDescredenciamento": 0,
      "vlPagamentoAcademia": 0,
      "qtPopulacao": 17639,
      "nuAnoRefPopulacaoIbge": 2022,
      "vlPagamentoIncentivoPopulacional": 0,
      "vlPagamentoManutencaoPgto": 10211.19,
      "vlPagamentoIncentivoTransicao": 4202.9,
      "vlPagamentoQualidadeExtraEsf": 0,
      "vlPagamentoQualidadeExtraEap": 0,
      "vlPagamentoQualidadeExtraEsb40H": 0,
      "vlPagamentoQualidadeEmulti": 0,
      "qtTetoEsf": 10,
      "qtTetoEap": 18,
      "qtTetoEmultiAmpliadaIntermunicipal": 0,
      "qtTetoEmultiAmpliada": 0,
      "qtTetoEmultiComplementar": 1,
      "qtTetoEmultiEstrategica": 7,
      "qtTetoSb40h": 7,
      "qtTetoSbChDif": 14
    },
    {
      "coUfIbge": "29",
      "sgUf": "BA",
      "noMunicipio": "ABARE",
      "coMunicipioIbge": "290020",
      "nuCompCnes": "202412",
      "nuParcela": "202502",
      "dsFaixaIndiceEquidadeEsfEap": "ESTRATO 1",
      "dsClassificacaoVinculoEsfEap": "BOM",
      "dsClassificacaoQualidadeEsfEap": "BOM",
      "qtEsfCredenciado": 7,
      "qtEsfHomologado": 7,
      "qtEsfTotalPgto": 7,
      "qtEsf100pcPgto": 6,
      "qtEsf75pcPgto": 0,
      "qtEsf50pcPgto": 1,
      "qtEsf25pcPgto": 0,
      "vlFixoEsf": 117000,
      "vlVinculoEsf": 39000,
      "vlQualidadeEsf": 39000,
      "vlTotalEsf": 195000,
      "vlPagamentoImplantacaoEsf": 0,
      "qtEapCredenciadas": 0,
      "qtEapHomologado": 0,
      "qtEapTotalPgto": 0,
      "qtEap20hCompletas": 0,
      "qtEap20hIncompletas": 0,
      "qtEap30hCompletas": 0,
      "qtEap30hIncompletas": 0,
      "vlFixoEap": 0,
      "vlVinculoEap": 0,
      "vlQualidadeEap": 0,
      "vlTotalEap": 0,
      "vlPagamentoImplantacaoEap": 0,
      "dsClassificacaoQualidadeEmulti": "BOM",
      "qtEmultiCredenciadas": 1,
      "qtEmultiHomologado": 1,
      "qtEmultiPagas": 1,
      "qtEmultiPagamentoAmpliada": 0,
      "qtEmultiPagamentoIntermunicipal": 0,
      "qtEmultiPagamentoComplementar": 0,
      "qtEmultiPagamentoEstrategica": 1,
      "qtEmultiPagasAtendRemoto": 0,
      "vlPagamentoEmultiAtendimentoRemoto": 0,
      "vlPagamentoEmultiCusteio": 12000,
      "vlPagamentoEmultiQualidade": 2250,
      "vlTotalEmulti": 14250,
      "vlPagamentoEmultiImplantacao": 0,
      "qtSb40hCredenciada": 7,
      "qtSb40hDifCredenciada": 0,
      "qtSb40hHomologado": 7,
      "qtSbChDifHomologado": 0,
      "qtSbPagamentoModalidadeI": 6,
      "qtSbPagamentoModalidadeII": 0,
      "qtSbPagamentoDifModalidade20Horas": 0,
      "qtSbPagamentoDifModalidade30Horas": 0,
      "qtSbEquipeImplantacao": 0,
      "qtSbEqpQuilombAssentModalI": 6,
      "qtSbEqpQuilombAssentModalII": 0,
      "vlPagamentoEsb40h": 36126,
      "vlPagamentoImplantacaoEsb40h": 0,
      "vlPagamentoEsbChDiferenciada": 0,
      "vlPagamentoEsb40hQualidade": 16530.78,
      "qtUomCredenciada": 0,
      "qtUomHomologado": 0,
      "qtUomPgto": 0,
      "vlPagamentoUom": 0,
      "vlPagamentoUomImplantacao": 0,
      "vlPagamentoCeoMunicipal": 0,
      "vlPagamentoCeoEstadual": 0,
      "vlPagamentoLrpdMunicipal": 11250,
      "vlPagamentoLrpdEstadual": 0,
      "vlPagamentoSesb": 0,
      "qtCnrCredenciado": 0,
      "qtCnrHomologado": 0,
      "qtCnrPagamentoModalidadeI": 0,
      "qtCnrPagamentoModalidadeII": 0,
      "qtCnrPagamentoModalidadeIII": 0,
      "vlPagamentoCnr": 0,
      "qtRibeirinhaCredenciado": 0,
      "qtRibeirinhaHomologado": 0,
      "qtRibeirinhaPagas": 0,
      "vlPagamentoEsfrb": 0,
      "vlPagamentoEsfrbQualidade": 0,
      "vlPagamentoEsfrVinculo": 0,
      "vlPagamentoEsfrbImplantacao": 0,
      "qtEmbarcacaoRibeirinha": 0,
      "qtUnidadeApoioRibeirinha": 0,
      "qtMicroscopistaRibeirinha": 0,
      "qtAuxEnfermagemRibeirinha": 0,
      "qtAuxSaudeBucalRibeirinha": 0,
      "qtProfNivelSupRibeirinha": 0,
      "vlPagamentoEsfrbExtra": 0,
      "qtTetoAcs": 46,
      "qtAcsDiretoCredenciado": 38,
      "qtAcsDiretoPgto": 36,
      "vlPagamentoAcsDireto": 109296,
      "vlPagamentoParcelaExtraAcsDireto": 0,
      "vlTotalAcsDireto": 109296,
      "qtAcsIndiretoCredenciado": 1,
      "qtAcsIndiretoPgto": 0,
      "vlPagamentoAcsIndireto": 0,
      "vlPagamentoParcelaExtraAcsIndireto": 0,
      "vlTotalAcsIndireto": 0,
      "qtUbsfCredenciado": 0,
      "qtUbsfHomologado": 0,
      "qtUbsfPgto": 0,
      "vlPagamentoUbsf": 0,
      "qtAcsDiretoFluvial": 0,
      "qtAcsIndiretoFluvial": 0,
      "qtEmbarcacaoFluvial": 0,
      "qtUnidadeApoioFluvial": 0,
      "qtMicroscopistaFluvial": 0,
      "qtAuxEnfermagemFluvial": 0,
      "qtAuxSaudeBucalFluvial": 0,
      "qtProfNivelSupFluvial": 0,
      "vlPagamentoUbsfExtra": 0,
      "qtMicroscopistaCredenciado": 0,
      "qtMicroscopistaPgto": 0,
      "vlPagamentoMicroscopista": 0,
      "vlPagamentoParcelaExtraMicroscopista": 0,
      "vlTotalMicroscopista": 0,
      "qtResidenteMedicoCredenciado": 0,
      "qtResidenteEnfermeiroCredenciado": 0,
      "qtResidenteDentistaCredenciado": 0,
      "qtResidenteMedicoPagamento": 0,
      "qtResidenteEnfermeiroPagamento": 0,
      "qtResidenteDentistaPagamento": 0,
      "vlPagamentoResidencia": 0,
      "qtPrisionalMunicipalCredenciado": 0,
      "qtPrisionalMunicipalHomologado": 0,
      "qtPrisionalMunicipalPagamento": 0,
      "vlPagamentoPrisionalMunicipal": 0,
      "qtPrisionalEstadualCredenciado": 0,
      "qtPrisionalEstadualHomologado": 0,
      "qtPagamentoPrisionalEstadual": 0,
      "vlPagamentoPrisionalEstadual": 0,
      "vlPagamentoPnaisari": 0,
      "qtIafCredenciado": 2,
      "qtIafHomologado": 1,
      "qtIafPgto": 0,
      "vlPagamentoIaf": 0,
      "qtAcademiaSaudeCredenciado": 0,
      "qtAcademiaSaudeHomologado": 0,
      "qtAcademiaSaudePgto": 0,
      "qtAcademiaSaudeDescredenciamento": 0,
      "vlPagamentoAcademia": 0,
      "qtPopulacao": 17639,
      "nuAnoRefPopulacaoIbge": 2022,
      "vlPagamentoIncentivoPopulacional": 0,
      "vlPagamentoManutencaoPgto": 0,
      "vlPagamentoIncentivoTransicao": 4202.9,
      "vlPagamentoQualidadeExtraEsf": 0,
      "vlPagamentoQualidadeExtraEap": 0,
      "vlPagamentoQualidadeExtraEsb40H": 0,
      "vlPagamentoQualidadeEmulti": 0,
      "qtTetoEsf": 9,
      "qtTetoEap": 18,
      "qtTetoEmultiAmpliadaIntermunicipal": 0,
      "qtTetoEmultiAmpliada": 0,
      "qtTetoEmultiComplementar": 1,
      "qtTetoEmultiEstrategica": 7,
      "qtTetoSb40h": 7,
      "qtTetoSbChDif": 14
    },
    {
      "coUfIbge": "29",
      "sgUf": "BA",
      "noMunicipio": "ABARE",
      "coMunicipioIbge": "290020",
      "nuCompCnes": "202501",
      "nuParcela": "202503",
      "dsFaixaIndiceEquidadeEsfEap": "ESTRATO 1",
      "dsClassificacaoVinculoEsfEap": "BOM",
      "dsClassificacaoQualidadeEsfEap": "BOM",
      "qtEsfCredenciado": 7,
      "qtEsfHomologado": 7,
      "qtEsfTotalPgto": 7,
      "qtEsf100pcPgto": 6,
      "qtEsf75pcPgto": 0,
      "qtEsf50pcPgto": 1,
      "qtEsf25pcPgto": 0,
      "vlFixoEsf": 117000,
      "vlVinculoEsf": 39000,
      "vlQualidadeEsf": 39000,
      "vlTotalEsf": 195000,
      "vlPagamentoImplantacaoEsf": 0,
      "qtEapCredenciadas": 0,
      "qtEapHomologado": 0,
      "qtEapTotalPgto": 0,
      "qtEap20hCompletas": 0,
      "qtEap20hIncompletas": 0,
      "qtEap30hCompletas": 0,
      "qtEap30hIncompletas": 0,
      "vlFixoEap": 0,
      "vlVinculoEap": 0,
      "vlQualidadeEap": 0,
      "vlTotalEap": 0,
      "vlPagamentoImplantacaoEap": 0,
      "dsClassificacaoQualidadeEmulti": "BOM",
      "qtEmultiCredenciadas": 1,
      "qtEmultiHomologado": 1,
      "qtEmultiPagas": 1,
      "qtEmultiPagamentoAmpliada": 0,
      "qtEmultiPagamentoIntermunicipal": 0,
      "qtEmultiPagamentoComplementar": 1,
      "qtEmultiPagamentoEstrategica": 0,
      "qtEmultiPagasAtendRemoto": 0,
      "vlPagamentoEmultiAtendimentoRemoto": 0,
      "vlPagamentoEmultiCusteio": 24000,
      "vlPagamentoEmultiQualidade": 4500,
      "vlTotalEmulti": 28500,
      "vlPagamentoEmultiImplantacao": 0,
      "qtSb40hCredenciada": 7,
      "qtSb40hDifCredenciada": 0,
      "qtSb40hHomologado": 7,
      "qtSbChDifHomologado": 0,
      "qtSbPagamentoModalidadeI": 7,
      "qtSbPagamentoModalidadeII": 0,
      "qtSbPagamentoDifModalidade20Horas": 0,
      "qtSbPagamentoDifModalidade30Horas": 0,
      "qtSbEquipeImplantacao": 0,
      "qtSbEqpQuilombAssentModalI": 7,
      "qtSbEqpQuilombAssentModalII": 0,
      "vlPagamentoEsb40h": 42147,
      "vlPagamentoImplantacaoEsb40h": 0,
      "vlPagamentoEsbChDiferenciada": 0,
      "vlPagamentoEsb40hQualidade": 19285.91,
      "qtUomCredenciada": 0,
      "qtUomHomologado": 0,
      "qtUomPgto": 0,
      "vlPagamentoUom": 0,
      "vlPagamentoUomImplantacao": 0,
      "vlPagamentoCeoMunicipal": 0,
      "vlPagamentoCeoEstadual": 0,
      "vlPagamentoLrpdMunicipal": 11250,
      "vlPagamentoLrpdEstadual": 0,
      "vlPagamentoSesb": 0,
      "qtCnrCredenciado": 0,
      "qtCnrHomologado": 0,
      "qtCnrPagamentoModalidadeI": 0,
      "qtCnrPagamentoModalidadeII": 0,
      "qtCnrPagamentoModalidadeIII": 0,
      "vlPagamentoCnr": 0,
      "qtRibeirinhaCredenciado": 0,
      "qtRibeirinhaHomologado": 0,
      "qtRibeirinhaPagas": 0,
      "vlPagamentoEsfrb": 0,
      "vlPagamentoEsfrbQualidade": 0,
      "vlPagamentoEsfrVinculo": 0,
      "vlPagamentoEsfrbImplantacao": 0,
      "qtEmbarcacaoRibeirinha": 0,
      "qtUnidadeApoioRibeirinha": 0,
      "qtMicroscopistaRibeirinha": 0,
      "qtAuxEnfermagemRibeirinha": 0,
      "qtAuxSaudeBucalRibeirinha": 0,
      "qtProfNivelSupRibeirinha": 0,
      "vlPagamentoEsfrbExtra": 0,
      "qtTetoAcs": 46,
      "qtAcsDiretoCredenciado": 38,
      "qtAcsDiretoPgto": 36,
      "vlPagamentoAcsDireto": 109296,
      "vlPagamentoParcelaExtraAcsDireto": 0,
      "vlTotalAcsDireto": 109296,
      "qtAcsIndiretoCredenciado": 1,
      "qtAcsIndiretoPgto": 0,
      "vlPagamentoAcsIndireto": 0,
      "vlPagamentoParcelaExtraAcsIndireto": 0,
      "vlTotalAcsIndireto": 0,
      "qtUbsfCredenciado": 0,
      "qtUbsfHomologado": 0,
      "qtUbsfPgto": 0,
      "vlPagamentoUbsf": 0,
      "qtAcsDiretoFluvial": 0,
      "qtAcsIndiretoFluvial": 0,
      "qtEmbarcacaoFluvial": 0,
      "qtUnidadeApoioFluvial": 0,
      "qtMicroscopistaFluvial": 0,
      "qtAuxEnfermagemFluvial": 0,
      "qtAuxSaudeBucalFluvial": 0,
      "qtProfNivelSupFluvial": 0,
      "vlPagamentoUbsfExtra": 0,
      "qtMicroscopistaCredenciado": 0,
      "qtMicroscopistaPgto": 0,
      "vlPagamentoMicroscopista": 0,
      "vlPagamentoParcelaExtraMicroscopista": 0,
      "vlTotalMicroscopista": 0,
      "qtResidenteMedicoCredenciado": 0,
      "qtResidenteEnfermeiroCredenciado": 0,
      "qtResidenteDentistaCredenciado": 0,
      "qtResidenteMedicoPagamento": 0,
      "qtResidenteEnfermeiroPagamento": 0,
      "qtResidenteDentistaPagamento": 0,
      "vlPagamentoResidencia": 0,
      "qtPrisionalMunicipalCredenciado": 0,
      "qtPrisionalMunicipalHomologado": 0,
      "qtPrisionalMunicipalPagamento": 0,
      "vlPagamentoPrisionalMunicipal": 0,
      "qtPrisionalEstadualCredenciado": 0,
      "qtPrisionalEstadualHomologado": 0,
      "qtPagamentoPrisionalEstadual": 0,
      "vlPagamentoPrisionalEstadual": 0,
      "vlPagamentoPnaisari": 0,
      "qtIafCredenciado": 1,
      "qtIafHomologado": 1,
      "qtIafPgto": 0,
      "vlPagamentoIaf": 0,
      "qtAcademiaSaudeCredenciado": 0,
      "qtAcademiaSaudeHomologado": 0,
      "qtAcademiaSaudePgto": 0,
      "qtAcademiaSaudeDescredenciamento": 0,
      "vlPagamentoAcademia": 0,
      "qtPopulacao": 17639,
      "nuAnoRefPopulacaoIbge": 2022,
      "vlPagamentoIncentivoPopulacional": 0,
      "vlPagamentoManutencaoPgto": 0,
      "vlPagamentoIncentivoTransicao": 4202.9,
      "vlPagamentoQualidadeExtraEsf": 0,
      "vlPagamentoQualidadeExtraEap": 0,
      "vlPagamentoQualidadeExtraEsb40H": 0,
      "vlPagamentoQualidadeEmulti": 0,
      "qtTetoEsf": 9,
      "qtTetoEap": 18,
      "qtTetoEmultiAmpliadaIntermunicipal": 0,
      "qtTetoEmultiAmpliada": 0,
      "qtTetoEmultiComplementar": 1,
      "qtTetoEmultiEstrategica": 7,
      "qtTetoSb40h": 7,
      "qtTetoSbChDif": 14
    },
    {
      "coUfIbge": "29",
      "sgUf": "BA",
      "noMunicipio": "ABARE",
      "coMunicipioIbge": "290020",
      "nuCompCnes": "202502",
      "nuParcela": "202504",
      "dsFaixaIndiceEquidadeEsfEap": "ESTRATO 1",
      "dsClassificacaoVinculoEsfEap": "BOM",
      "dsClassificacaoQualidadeEsfEap": "BOM",
      "qtEsfCredenciado": 7,
      "qtEsfHomologado": 7,
      "qtEsfTotalPgto": 7,
      "qtEsf100pcPgto": 7,
      "qtEsf75pcPgto": 0,
      "qtEsf50pcPgto": 0,
      "qtEsf25pcPgto": 0,
      "vlFixoEsf": 126000,
      "vlVinculoEsf": 42000,
      "vlQualidadeEsf": 42000,
      "vlTotalEsf": 210000,
      "vlPagamentoImplantacaoEsf": 0,
      "qtEapCredenciadas": 0,
      "qtEapHomologado": 0,
      "qtEapTotalPgto": 0,
      "qtEap20hCompletas": 0,
      "qtEap20hIncompletas": 0,
      "qtEap30hCompletas": 0,
      "qtEap30hIncompletas": 0,
      "vlFixoEap": 0,
      "vlVinculoEap": 0,
      "vlQualidadeEap": 0,
      "vlTotalEap": 0,
      "vlPagamentoImplantacaoEap": 0,
      "dsClassificacaoQualidadeEmulti": "BOM",
      "qtEmultiCredenciadas": 1,
      "qtEmultiHomologado": 1,
      "qtEmultiPagas": 1,
      "qtEmultiPagamentoAmpliada": 0,
      "qtEmultiPagamentoIntermunicipal": 0,
      "qtEmultiPagamentoComplementar": 1,
      "qtEmultiPagamentoEstrategica": 0,
      "qtEmultiPagasAtendRemoto": 0,
      "vlPagamentoEmultiAtendimentoRemoto": 0,
      "vlPagamentoEmultiCusteio": 24000,
      "vlPagamentoEmultiQualidade": 4500,
      "vlTotalEmulti": 28500,
      "vlPagamentoEmultiImplantacao": 0,
      "qtSb40hCredenciada": 7,
      "qtSb40hDifCredenciada": 0,
      "qtSb40hHomologado": 7,
      "qtSbChDifHomologado": 0,
      "qtSbPagamentoModalidadeI": 7,
      "qtSbPagamentoModalidadeII": 0,
      "qtSbPagamentoDifModalidade20Horas": 0,
      "qtSbPagamentoDifModalidade30Horas": 0,
      "qtSbEquipeImplantacao": 0,
      "qtSbEqpQuilombAssentModalI": 7,
      "qtSbEqpQuilombAssentModalII": 0,
      "vlPagamentoEsb40h": 42147,
      "vlPagamentoImplantacaoEsb40h": 0,
      "vlPagamentoEsbChDiferenciada": 0,
      "vlPagamentoEsb40hQualidade": 19285.91,
      "qtUomCredenciada": 0,
      "qtUomHomologado": 0,
      "qtUomPgto": 0,
      "vlPagamentoUom": 0,
      "vlPagamentoUomImplantacao": 0,
      "vlPagamentoCeoMunicipal": 0,
      "vlPagamentoCeoEstadual": 0,
      "vlPagamentoLrpdMunicipal": 11250,
      "vlPagamentoLrpdEstadual": 0,
      "vlPagamentoSesb": 0,
      "qtCnrCredenciado": 0,
      "qtCnrHomologado": 0,
      "qtCnrPagamentoModalidadeI": 0,
      "qtCnrPagamentoModalidadeII": 0,
      "qtCnrPagamentoModalidadeIII": 0,
      "vlPagamentoCnr": 0,
      "qtRibeirinhaCredenciado": 0,
      "qtRibeirinhaHomologado": 0,
      "qtRibeirinhaPagas": 0,
      "vlPagamentoEsfrb": 0,
      "vlPagamentoEsfrbQualidade": 0,
      "vlPagamentoEsfrVinculo": 0,
      "vlPagamentoEsfrbImplantacao": 0,
      "qtEmbarcacaoRibeirinha": 0,
      "qtUnidadeApoioRibeirinha": 0,
      "qtMicroscopistaRibeirinha": 0,
      "qtAuxEnfermagemRibeirinha": 0,
      "qtAuxSaudeBucalRibeirinha": 0,
      "qtProfNivelSupRibeirinha": 0,
      "vlPagamentoEsfrbExtra": 0,
      "qtTetoAcs": 46,
      "qtAcsDiretoCredenciado": 38,
      "qtAcsDiretoPgto": 36,
      "vlPagamentoAcsDireto": 109296,
      "vlPagamentoParcelaExtraAcsDireto": 0,
      "vlTotalAcsDireto": 109296,
      "qtAcsIndiretoCredenciado": 1,
      "qtAcsIndiretoPgto": 0,
      "vlPagamentoAcsIndireto": 0,
      "vlPagamentoParcelaExtraAcsIndireto": 0,
      "vlTotalAcsIndireto": 0,
      "qtUbsfCredenciado": 0,
      "qtUbsfHomologado": 0,
      "qtUbsfPgto": 0,
      "vlPagamentoUbsf": 0,
      "qtAcsDiretoFluvial": 0,
      "qtAcsIndiretoFluvial": 0,
      "qtEmbarcacaoFluvial": 0,
      "qtUnidadeApoioFluvial": 0,
      "qtMicroscopistaFluvial": 0,
      "qtAuxEnfermagemFluvial": 0,
      "qtAuxSaudeBucalFluvial": 0,
      "qtProfNivelSupFluvial": 0,
      "vlPagamentoUbsfExtra": 0,
      "qtMicroscopistaCredenciado": 0,
      "qtMicroscopistaPgto": 0,
      "vlPagamentoMicroscopista": 0,
      "vlPagamentoParcelaExtraMicroscopista": 0,
      "vlTotalMicroscopista": 0,
      "qtResidenteMedicoCredenciado": 0,
      "qtResidenteEnfermeiroCredenciado": 0,
      "qtResidenteDentistaCredenciado": 0,
      "qtResidenteMedicoPagamento": 0,
      "qtResidenteEnfermeiroPagamento": 0,
      "qtResidenteDentistaPagamento": 0,
      "vlPagamentoResidencia": 0,
      "qtPrisionalMunicipalCredenciado": 0,
      "qtPrisionalMunicipalHomologado": 0,
      "qtPrisionalMunicipalPagamento": 0,
      "vlPagamentoPrisionalMunicipal": 0,
      "qtPrisionalEstadualCredenciado": 0,
      "qtPrisionalEstadualHomologado": 0,
      "qtPagamentoPrisionalEstadual": 0,
      "vlPagamentoPrisionalEstadual": 0,
      "vlPagamentoPnaisari": 0,
      "qtIafCredenciado": 1,
      "qtIafHomologado": 1,
      "qtIafPgto": 0,
      "vlPagamentoIaf": 0,
      "qtAcademiaSaudeCredenciado": 0,
      "qtAcademiaSaudeHomologado": 0,
      "qtAcademiaSaudePgto": 0,
      "qtAcademiaSaudeDescredenciamento": 0,
      "vlPagamentoAcademia": 0,
      "qtPopulacao": 17639,
      "nuAnoRefPopulacaoIbge": 2022,
      "vlPagamentoIncentivoPopulacional": 9044,
      "vlPagamentoManutencaoPgto": 0,
      "vlPagamentoIncentivoTransicao": 4202.9,
      "vlPagamentoQualidadeExtraEsf": 0,
      "vlPagamentoQualidadeExtraEap": 0,
      "vlPagamentoQualidadeExtraEsb40H": 0,
      "vlPagamentoQualidadeEmulti": 0,
      "qtTetoEsf": 9,
      "qtTetoEap": 18,
      "qtTetoEmultiAmpliadaIntermunicipal": 0,
      "qtTetoEmultiAmpliada": 0,
      "qtTetoEmultiComplementar": 1,
      "qtTetoEmultiEstrategica": 7,
      "qtTetoSb40h": 7,
      "qtTetoSbChDif": 14
    },
    {
      "coUfIbge": "29",
      "sgUf": "BA",
      "noMunicipio": "ABARE",
      "coMunicipioIbge": "290020",
      "nuCompCnes": "202503",
      "nuParcela": "202505",
      "dsFaixaIndiceEquidadeEsfEap": "ESTRATO 1",
      "dsClassificacaoVinculoEsfEap": "BOM",
      "dsClassificacaoQualidadeEsfEap": "BOM",
      "qtEsfCredenciado": 7,
      "qtEsfHomologado": 7,
      "qtEsfTotalPgto": 7,
      "qtEsf100pcPgto": 7,
      "qtEsf75pcPgto": 0,
      "qtEsf50pcPgto": 0,
      "qtEsf25pcPgto": 0,
      "vlFixoEsf": 126000,
      "vlVinculoEsf": 42000,
      "vlQualidadeEsf": 42000,
      "vlTotalEsf": 210000,
      "vlPagamentoImplantacaoEsf": 0,
      "qtEapCredenciadas": 0,
      "qtEapHomologado": 0,
      "qtEapTotalPgto": 0,
      "qtEap20hCompletas": 0,
      "qtEap20hIncompletas": 0,
      "qtEap30hCompletas": 0,
      "qtEap30hIncompletas": 0,
      "vlFixoEap": 0,
      "vlVinculoEap": 0,
      "vlQualidadeEap": 0,
      "vlTotalEap": 0,
      "vlPagamentoImplantacaoEap": 0,
      "dsClassificacaoQualidadeEmulti": "BOM",
      "qtEmultiCredenciadas": 1,
      "qtEmultiHomologado": 1,
      "qtEmultiPagas": 1,
      "qtEmultiPagamentoAmpliada": 0,
      "qtEmultiPagamentoIntermunicipal": 0,
      "qtEmultiPagamentoComplementar": 1,
      "qtEmultiPagamentoEstrategica": 0,
      "qtEmultiPagasAtendRemoto": 0,
      "vlPagamentoEmultiAtendimentoRemoto": 0,
      "vlPagamentoEmultiCusteio": 24000,
      "vlPagamentoEmultiQualidade": 4500,
      "vlTotalEmulti": 28500,
      "vlPagamentoEmultiImplantacao": 0,
      "qtSb40hCredenciada": 7,
      "qtSb40hDifCredenciada": 0,
      "qtSb40hHomologado": 7,
      "qtSbChDifHomologado": 0,
      "qtSbPagamentoModalidadeI": 6,
      "qtSbPagamentoModalidadeII": 0,
      "qtSbPagamentoDifModalidade20Horas": 0,
      "qtSbPagamentoDifModalidade30Horas": 0,
      "qtSbEquipeImplantacao": 0,
      "qtSbEqpQuilombAssentModalI": 6,
      "qtSbEqpQuilombAssentModalII": 0,
      "vlPagamentoEsb40h": 36126,
      "vlPagamentoImplantacaoEsb40h": 0,
      "vlPagamentoEsbChDiferenciada": 0,
      "vlPagamentoEsb40hQualidade": 16530.78,
      "qtUomCredenciada": 0,
      "qtUomHomologado": 0,
      "qtUomPgto": 0,
      "vlPagamentoUom": 0,
      "vlPagamentoUomImplantacao": 0,
      "vlPagamentoCeoMunicipal": 0,
      "vlPagamentoCeoEstadual": 0,
      "vlPagamentoLrpdMunicipal": 11250,
      "vlPagamentoLrpdEstadual": 0,
      "vlPagamentoSesb": 0,
      "qtCnrCredenciado": 0,
      "qtCnrHomologado": 0,
      "qtCnrPagamentoModalidadeI": 0,
      "qtCnrPagamentoModalidadeII": 0,
      "qtCnrPagamentoModalidadeIII": 0,
      "vlPagamentoCnr": 0,
      "qtRibeirinhaCredenciado": 0,
      "qtRibeirinhaHomologado": 0,
      "qtRibeirinhaPagas": 0,
      "vlPagamentoEsfrb": 0,
      "vlPagamentoEsfrbQualidade": 0,
      "vlPagamentoEsfrVinculo": 0,
      "vlPagamentoEsfrbImplantacao": 0,
      "qtEmbarcacaoRibeirinha": 0,
      "qtUnidadeApoioRibeirinha": 0,
      "qtMicroscopistaRibeirinha": 0,
      "qtAuxEnfermagemRibeirinha": 0,
      "qtAuxSaudeBucalRibeirinha": 0,
      "qtProfNivelSupRibeirinha": 0,
      "vlPagamentoEsfrbExtra": 0,
      "qtTetoAcs": 46,
      "qtAcsDiretoCredenciado": 38,
      "qtAcsDiretoPgto": 36,
      "vlPagamentoAcsDireto": 109296,
      "vlPagamentoParcelaExtraAcsDireto": 0,
      "vlTotalAcsDireto": 109296,
      "qtAcsIndiretoCredenciado": 1,
      "qtAcsIndiretoPgto": 0,
      "vlPagamentoAcsIndireto": 0,
      "vlPagamentoParcelaExtraAcsIndireto": 0,
      "vlTotalAcsIndireto": 0,
      "qtUbsfCredenciado": 0,
      "qtUbsfHomologado": 0,
      "qtUbsfPgto": 0,
      "vlPagamentoUbsf": 0,
      "qtAcsDiretoFluvial": 0,
      "qtAcsIndiretoFluvial": 0,
      "qtEmbarcacaoFluvial": 0,
      "qtUnidadeApoioFluvial": 0,
      "qtMicroscopistaFluvial": 0,
      "qtAuxEnfermagemFluvial": 0,
      "qtAuxSaudeBucalFluvial": 0,
      "qtProfNivelSupFluvial": 0,
      "vlPagamentoUbsfExtra": 0,
      "qtMicroscopistaCredenciado": 0,
      "qtMicroscopistaPgto": 0,
      "vlPagamentoMicroscopista": 0,
      "vlPagamentoParcelaExtraMicroscopista": 0,
      "vlTotalMicroscopista": 0,
      "qtResidenteMedicoCredenciado": 0,
      "qtResidenteEnfermeiroCredenciado": 0,
      "qtResidenteDentistaCredenciado": 0,
      "qtResidenteMedicoPagamento": 0,
      "qtResidenteEnfermeiroPagamento": 0,
      "qtResidenteDentistaPagamento": 0,
      "vlPagamentoResidencia": 0,
      "qtPrisionalMunicipalCredenciado": 0,
      "qtPrisionalMunicipalHomologado": 0,
      "qtPrisionalMunicipalPagamento": 0,
      "vlPagamentoPrisionalMunicipal": 0,
      "qtPrisionalEstadualCredenciado": 0,
      "qtPrisionalEstadualHomologado": 0,
      "qtPagamentoPrisionalEstadual": 0,
      "vlPagamentoPrisionalEstadual": 0,
      "vlPagamentoPnaisari": 0,
      "qtIafCredenciado": 1,
      "qtIafHomologado": 0,
      "qtIafPgto": 0,
      "vlPagamentoIaf": 0,
      "qtAcademiaSaudeCredenciado": 0,
      "qtAcademiaSaudeHomologado": 0,
      "qtAcademiaSaudePgto": 0,
      "qtAcademiaSaudeDescredenciamento": 0,
      "vlPagamentoAcademia": 0,
      "qtPopulacao": 17639,
      "nuAnoRefPopulacaoIbge": 2022,
      "vlPagamentoIncentivoPopulacional": 9044,
      "vlPagamentoManutencaoPgto": 0,
      "vlPagamentoIncentivoTransicao": 3820.82,
      "vlPagamentoQualidadeExtraEsf": 0,
      "vlPagamentoQualidadeExtraEap": 0,
      "vlPagamentoQualidadeExtraEsb40H": 0,
      "vlPagamentoQualidadeEmulti": 0,
      "qtTetoEsf": 9,
      "qtTetoEap": 18,
      "qtTetoEmultiAmpliadaIntermunicipal": 0,
      "qtTetoEmultiAmpliada": 0,
      "qtTetoEmultiComplementar": 1,
      "qtTetoEmultiEstrategica": 7,
      "qtTetoSb40h": 7,
      "qtTetoSbChDif": 14
    },
    {
      "coUfIbge": "29",
      "sgUf": "BA",
      "noMunicipio": "ABARE",
      "coMunicipioIbge": "290020",
      "nuCompCnes": "202504",
      "nuParcela": "202506",
      "dsFaixaIndiceEquidadeEsfEap": "ESTRATO 1",
      "dsClassificacaoVinculoEsfEap": "BOM",
      "dsClassificacaoQualidadeEsfEap": "BOM",
      "qtEsfCredenciado": 7,
      "qtEsfHomologado": 7,
      "qtEsfTotalPgto": 7,
      "qtEsf100pcPgto": 7,
      "qtEsf75pcPgto": 0,
      "qtEsf50pcPgto": 0,
      "qtEsf25pcPgto": 0,
      "vlFixoEsf": 126000,
      "vlVinculoEsf": 42000,
      "vlQualidadeEsf": 42000,
      "vlTotalEsf": 210000,
      "vlPagamentoImplantacaoEsf": 0,
      "qtEapCredenciadas": 0,
      "qtEapHomologado": 0,
      "qtEapTotalPgto": 0,
      "qtEap20hCompletas": 0,
      "qtEap20hIncompletas": 0,
      "qtEap30hCompletas": 0,
      "qtEap30hIncompletas": 0,
      "vlFixoEap": 0,
      "vlVinculoEap": 0,
      "vlQualidadeEap": 0,
      "vlTotalEap": 0,
      "vlPagamentoImplantacaoEap": 0,
      "dsClassificacaoQualidadeEmulti": "BOM",
      "qtEmultiCredenciadas": 1,
      "qtEmultiHomologado": 1,
      "qtEmultiPagas": 1,
      "qtEmultiPagamentoAmpliada": 0,
      "qtEmultiPagamentoIntermunicipal": 0,
      "qtEmultiPagamentoComplementar": 1,
      "qtEmultiPagamentoEstrategica": 0,
      "qtEmultiPagasAtendRemoto": 0,
      "vlPagamentoEmultiAtendimentoRemoto": 0,
      "vlPagamentoEmultiCusteio": 24000,
      "vlPagamentoEmultiQualidade": 4500,
      "vlTotalEmulti": 28500,
      "vlPagamentoEmultiImplantacao": 0,
      "qtSb40hCredenciada": 7,
      "qtSb40hDifCredenciada": 0,
      "qtSb40hHomologado": 7,
      "qtSbChDifHomologado": 0,
      "qtSbPagamentoModalidadeI": 7,
      "qtSbPagamentoModalidadeII": 0,
      "qtSbPagamentoDifModalidade20Horas": 0,
      "qtSbPagamentoDifModalidade30Horas": 0,
      "qtSbEquipeImplantacao": 0,
      "qtSbEqpQuilombAssentModalI": 7,
      "qtSbEqpQuilombAssentModalII": 0,
      "vlPagamentoEsb40h": 42147,
      "vlPagamentoImplantacaoEsb40h": 0,
      "vlPagamentoEsbChDiferenciada": 0,
      "vlPagamentoEsb40hQualidade": 19285.91,
      "qtUomCredenciada": 0,
      "qtUomHomologado": 0,
      "qtUomPgto": 0,
      "vlPagamentoUom": 0,
      "vlPagamentoUomImplantacao": 0,
      "vlPagamentoCeoMunicipal": 0,
      "vlPagamentoCeoEstadual": 0,
      "vlPagamentoLrpdMunicipal": 11250,
      "vlPagamentoLrpdEstadual": 0,
      "vlPagamentoSesb": 0,
      "qtCnrCredenciado": 0,
      "qtCnrHomologado": 0,
      "qtCnrPagamentoModalidadeI": 0,
      "qtCnrPagamentoModalidadeII": 0,
      "qtCnrPagamentoModalidadeIII": 0,
      "vlPagamentoCnr": 0,
      "qtRibeirinhaCredenciado": 0,
      "qtRibeirinhaHomologado": 0,
      "qtRibeirinhaPagas": 0,
      "vlPagamentoEsfrb": 0,
      "vlPagamentoEsfrbQualidade": 0,
      "vlPagamentoEsfrVinculo": 0,
      "vlPagamentoEsfrbImplantacao": 0,
      "qtEmbarcacaoRibeirinha": 0,
      "qtUnidadeApoioRibeirinha": 0,
      "qtMicroscopistaRibeirinha": 0,
      "qtAuxEnfermagemRibeirinha": 0,
      "qtAuxSaudeBucalRibeirinha": 0,
      "qtProfNivelSupRibeirinha": 0,
      "vlPagamentoEsfrbExtra": 0,
      "qtTetoAcs": 46,
      "qtAcsDiretoCredenciado": 38,
      "qtAcsDiretoPgto": 36,
      "vlPagamentoAcsDireto": 109296,
      "vlPagamentoParcelaExtraAcsDireto": 0,
      "vlTotalAcsDireto": 109296,
      "qtAcsIndiretoCredenciado": 1,
      "qtAcsIndiretoPgto": 0,
      "vlPagamentoAcsIndireto": 0,
      "vlPagamentoParcelaExtraAcsIndireto": 0,
      "vlTotalAcsIndireto": 0,
      "qtUbsfCredenciado": 0,
      "qtUbsfHomologado": 0,
      "qtUbsfPgto": 0,
      "vlPagamentoUbsf": 0,
      "qtAcsDiretoFluvial": 0,
      "qtAcsIndiretoFluvial": 0,
      "qtEmbarcacaoFluvial": 0,
      "qtUnidadeApoioFluvial": 0,
      "qtMicroscopistaFluvial": 0,
      "qtAuxEnfermagemFluvial": 0,
      "qtAuxSaudeBucalFluvial": 0,
      "qtProfNivelSupFluvial": 0,
      "vlPagamentoUbsfExtra": 0,
      "qtMicroscopistaCredenciado": 0,
      "qtMicroscopistaPgto": 0,
      "vlPagamentoMicroscopista": 0,
      "vlPagamentoParcelaExtraMicroscopista": 0,
      "vlTotalMicroscopista": 0,
      "qtResidenteMedicoCredenciado": 0,
      "qtResidenteEnfermeiroCredenciado": 0,
      "qtResidenteDentistaCredenciado": 0,
      "qtResidenteMedicoPagamento": 0,
      "qtResidenteEnfermeiroPagamento": 0,
      "qtResidenteDentistaPagamento": 0,
      "vlPagamentoResidencia": 0,
      "qtPrisionalMunicipalCredenciado": 0,
      "qtPrisionalMunicipalHomologado": 0,
      "qtPrisionalMunicipalPagamento": 0,
      "vlPagamentoPrisionalMunicipal": 0,
      "qtPrisionalEstadualCredenciado": 0,
      "qtPrisionalEstadualHomologado": 0,
      "qtPagamentoPrisionalEstadual": 0,
      "vlPagamentoPrisionalEstadual": 0,
      "vlPagamentoPnaisari": 0,
      "qtIafCredenciado": 0,
      "qtIafHomologado": 0,
      "qtIafPgto": 0,
      "vlPagamentoIaf": 0,
      "qtAcademiaSaudeCredenciado": 0,
      "qtAcademiaSaudeHomologado": 0,
      "qtAcademiaSaudePgto": 0,
      "qtAcademiaSaudeDescredenciamento": 0,
      "vlPagamentoAcademia": 0,
      "qtPopulacao": 17639,
      "nuAnoRefPopulacaoIbge": 2022,
      "vlPagamentoIncentivoPopulacional": 9044,
      "vlPagamentoManutencaoPgto": 0,
      "vlPagamentoIncentivoTransicao": 4203,
      "vlPagamentoQualidadeExtraEsf": 0,
      "vlPagamentoQualidadeExtraEap": 0,
      "vlPagamentoQualidadeExtraEsb40H": 0,
      "vlPagamentoQualidadeEmulti": 0,
      "qtTetoEsf": 9,
      "qtTetoEap": 18,
      "qtTetoEmultiAmpliadaIntermunicipal": 0,
      "qtTetoEmultiAmpliada": 0,
      "qtTetoEmultiComplementar": 1,
      "qtTetoEmultiEstrategica": 7,
      "qtTetoSb40h": 7,
      "qtTetoSbChDif": 14
    },
    {
      "coUfIbge": "29",
      "sgUf": "BA",
      "noMunicipio": "ABARE",
      "coMunicipioIbge": "290020",
      "nuCompCnes": "202505",
      "nuParcela": "202507",
      "dsFaixaIndiceEquidadeEsfEap": "ESTRATO 1",
      "dsClassificacaoVinculoEsfEap": "BOM",
      "dsClassificacaoQualidadeEsfEap": "BOM",
      "qtEsfCredenciado": 7,
      "qtEsfHomologado": 7,
      "qtEsfTotalPgto": 7,
      "qtEsf100pcPgto": 7,
      "qtEsf75pcPgto": 0,
      "qtEsf50pcPgto": 0,
      "qtEsf25pcPgto": 0,
      "vlFixoEsf": 126000,
      "vlVinculoEsf": 42000,
      "vlQualidadeEsf": 42000,
      "vlTotalEsf": 210000,
      "vlPagamentoImplantacaoEsf": 0,
      "qtEapCredenciadas": 0,
      "qtEapHomologado": 0,
      "qtEapTotalPgto": 0,
      "qtEap20hCompletas": 0,
      "qtEap20hIncompletas": 0,
      "qtEap30hCompletas": 0,
      "qtEap30hIncompletas": 0,
      "vlFixoEap": 0,
      "vlVinculoEap": 0,
      "vlQualidadeEap": 0,
      "vlTotalEap": 0,
      "vlPagamentoImplantacaoEap": 0,
      "dsClassificacaoQualidadeEmulti": "BOM",
      "qtEmultiCredenciadas": 1,
      "qtEmultiHomologado": 1,
      "qtEmultiPagas": 1,
      "qtEmultiPagamentoAmpliada": 0,
      "qtEmultiPagamentoIntermunicipal": 0,
      "qtEmultiPagamentoComplementar": 1,
      "qtEmultiPagamentoEstrategica": 0,
      "qtEmultiPagasAtendRemoto": 0,
      "vlPagamentoEmultiAtendimentoRemoto": 0,
      "vlPagamentoEmultiCusteio": 24000,
      "vlPagamentoEmultiQualidade": 4500,
      "vlTotalEmulti": 28500,
      "vlPagamentoEmultiImplantacao": 0,
      "qtSb40hCredenciada": 7,
      "qtSb40hDifCredenciada": 0,
      "qtSb40hHomologado": 7,
      "qtSbChDifHomologado": 0,
      "qtSbPagamentoModalidadeI": 7,
      "qtSbPagamentoModalidadeII": 0,
      "qtSbPagamentoDifModalidade20Horas": 0,
      "qtSbPagamentoDifModalidade30Horas": 0,
      "qtSbEquipeImplantacao": 0,
      "qtSbEqpQuilombAssentModalI": 7,
      "qtSbEqpQuilombAssentModalII": 0,
      "vlPagamentoEsb40h": 42147,
      "vlPagamentoImplantacaoEsb40h": 0,
      "vlPagamentoEsbChDiferenciada": 0,
      "vlPagamentoEsb40hQualidade": 19285.91,
      "qtUomCredenciada": 0,
      "qtUomHomologado": 0,
      "qtUomPgto": 0,
      "vlPagamentoUom": 0,
      "vlPagamentoUomImplantacao": 0,
      "vlPagamentoCeoMunicipal": 0,
      "vlPagamentoCeoEstadual": 0,
      "vlPagamentoLrpdMunicipal": 11250,
      "vlPagamentoLrpdEstadual": 0,
      "vlPagamentoSesb": 0,
      "qtCnrCredenciado": 0,
      "qtCnrHomologado": 0,
      "qtCnrPagamentoModalidadeI": 0,
      "qtCnrPagamentoModalidadeII": 0,
      "qtCnrPagamentoModalidadeIII": 0,
      "vlPagamentoCnr": 0,
      "qtRibeirinhaCredenciado": 0,
      "qtRibeirinhaHomologado": 0,
      "qtRibeirinhaPagas": 0,
      "vlPagamentoEsfrb": 0,
      "vlPagamentoEsfrbQualidade": 0,
      "vlPagamentoEsfrVinculo": 0,
      "vlPagamentoEsfrbImplantacao": 0,
      "qtEmbarcacaoRibeirinha": 0,
      "qtUnidadeApoioRibeirinha": 0,
      "qtMicroscopistaRibeirinha": 0,
      "qtAuxEnfermagemRibeirinha": 0,
      "qtAuxSaudeBucalRibeirinha": 0,
      "qtProfNivelSupRibeirinha": 0,
      "vlPagamentoEsfrbExtra": 0,
      "qtTetoAcs": 46,
      "qtAcsDiretoCredenciado": 38,
      "qtAcsDiretoPgto": 36,
      "vlPagamentoAcsDireto": 109296,
      "vlPagamentoParcelaExtraAcsDireto": 0,
      "vlTotalAcsDireto": 109296,
      "qtAcsIndiretoCredenciado": 1,
      "qtAcsIndiretoPgto": 0,
      "vlPagamentoAcsIndireto": 0,
      "vlPagamentoParcelaExtraAcsIndireto": 0,
      "vlTotalAcsIndireto": 0,
      "qtUbsfCredenciado": 0,
      "qtUbsfHomologado": 0,
      "qtUbsfPgto": 0,
      "vlPagamentoUbsf": 0,
      "qtAcsDiretoFluvial": 0,
      "qtAcsIndiretoFluvial": 0,
      "qtEmbarcacaoFluvial": 0,
      "qtUnidadeApoioFluvial": 0,
      "qtMicroscopistaFluvial": 0,
      "qtAuxEnfermagemFluvial": 0,
      "qtAuxSaudeBucalFluvial": 0,
      "qtProfNivelSupFluvial": 0,
      "vlPagamentoUbsfExtra": 0,
      "qtMicroscopistaCredenciado": 0,
      "qtMicroscopistaPgto": 0,
      "vlPagamentoMicroscopista": 0,
      "vlPagamentoParcelaExtraMicroscopista": 0,
      "vlTotalMicroscopista": 0,
      "qtResidenteMedicoCredenciado": 0,
      "qtResidenteEnfermeiroCredenciado": 0,
      "qtResidenteDentistaCredenciado": 0,
      "qtResidenteMedicoPagamento": 0,
      "qtResidenteEnfermeiroPagamento": 0,
      "qtResidenteDentistaPagamento": 0,
      "vlPagamentoResidencia": 0,
      "qtPrisionalMunicipalCredenciado": 0,
      "qtPrisionalMunicipalHomologado": 0,
      "qtPrisionalMunicipalPagamento": 0,
      "vlPagamentoPrisionalMunicipal": 0,
      "qtPrisionalEstadualCredenciado": 0,
      "qtPrisionalEstadualHomologado": 0,
      "qtPagamentoPrisionalEstadual": 0,
      "vlPagamentoPrisionalEstadual": 0,
      "vlPagamentoPnaisari": 0,
      "qtIafCredenciado": 0,
      "qtIafHomologado": 0,
      "qtIafPgto": 0,
      "vlPagamentoIaf": 0,
      "qtAcademiaSaudeCredenciado": 0,
      "qtAcademiaSaudeHomologado": 0,
      "qtAcademiaSaudePgto": 0,
      "qtAcademiaSaudeDescredenciamento": 0,
      "vlPagamentoAcademia": 0,
      "qtPopulacao": 17639,
      "nuAnoRefPopulacaoIbge": 2022,
      "vlPagamentoIncentivoPopulacional": 9044,
      "vlPagamentoManutencaoPgto": 0,
      "vlPagamentoIncentivoTransicao": 4203,
      "vlPagamentoQualidadeExtraEsf": 0,
      "vlPagamentoQualidadeExtraEap": 0,
      "vlPagamentoQualidadeExtraEsb40H": 0,
      "vlPagamentoQualidadeEmulti": 0,
      "qtTetoEsf": 9,
      "qtTetoEap": 18,
      "qtTetoEmultiAmpliadaIntermunicipal": 0,
      "qtTetoEmultiAmpliada": 0,
      "qtTetoEmultiComplementar": 1,
      "qtTetoEmultiEstrategica": 7,
      "qtTetoSb40h": 7,
      "qtTetoSbChDif": 14
    }
  ]
}